#name,x,y,alt,heading,pitch,roll,f,px,py,k1,k2,k3,k4,t1,t2
DJI_0005.jpg,-2.006177947067614,16.75675533618778,9.061800646595657,25.27364561373824,89.33605012368243,-163.3938056492917,24.28642305581734,-4.222945704235492e-003,-2.673859358181004e-003,-1.506957935781515e-002,8.289196481844555e-007,8.402515498869877e-003,0,-2.529045385685813e-003,-1.454014489626831e-003
DJI_0006.jpg,-2.036956273170519,16.6809395882301,9.074425414204597,31.57836621860613,89.33943936959783,-164.7672747532647,24.28642305581734,-4.222945704235492e-003,-2.673859358181004e-003,-1.506957935781515e-002,8.289196481844555e-007,8.402515498869877e-003,0,-2.529045385685813e-003,-1.454014489626831e-003
DJI_0007.jpg,-1.994241830113427,16.67705087224022,9.072073456831276,34.69920513994613,89.31595861457177,-163.5457066432211,24.28642305581734,-4.222945704235492e-003,-2.673859358181004e-003,-1.506957935781515e-002,8.289196481844555e-007,8.402515498869877e-003,0,-2.529045385685813e-003,-1.454014489626831e-003
DJI_0008.jpg,-1.983908145840721,16.6872058166191,9.050787915475667,35.81239717806156,89.29414799606718,-162.3816419968873,24.28642305581734,-4.222945704235492e-003,-2.673859358181004e-003,-1.506957935781515e-002,8.289196481844555e-007,8.402515498869877e-003,0,-2.529045385685813e-003,-1.454014489626831e-003
DJI_0009.jpg,-1.942147388937148,16.7422257871367,12.40788925625384,38.87600703798026,89.35965709898873,-159.4510780378413,24.28642305581734,-4.222945704235492e-003,-2.673859358181004e-003,-1.506957935781515e-002,8.289196481844555e-007,8.402515498869877e-003,0,-2.529045385685813e-003,-1.454014489626831e-003
DJI_0010.jpg,-2.035221074127999,16.64960034610704,12.52172999177128,37.35655868553895,89.38233064829707,-161.3551831483064,24.28642305581734,-4.222945704235492e-003,-2.673859358181004e-003,-1.506957935781515e-002,8.289196481844555e-007,8.402515498869877e-003,0,-2.529045385685813e-003,-1.454014489626831e-003
DJI_0011.jpg,-1.967656710792509,16.61136974161491,15.26918179541826,35.36548808362197,89.41360009846107,-163.0656120155479,24.28642305581734,-4.222945704235492e-003,-2.673859358181004e-003,-1.506957935781515e-002,8.289196481844555e-007,8.402515498869877e-003,0,-2.529045385685813e-003,-1.454014489626831e-003
DJI_0012.jpg,-1.973005346435647,16.7182481191121,17.57995542325079,32.83872600870582,89.3682771266138,-165.5939394348198,24.28642305581734,-4.222945704235492e-003,-2.673859358181004e-003,-1.506957935781515e-002,8.289196481844555e-007,8.402515498869877e-003,0,-2.529045385685813e-003,-1.454014489626831e-003
DJI_0013.jpg,-1.947630535571505,16.7824157285504,19.86908970866352,29.93541502174762,89.37651221615448,-168.6904808753017,24.28642305581734,-4.222945704235492e-003,-2.673859358181004e-003,-1.506957935781515e-002,8.289196481844555e-007,8.402515498869877e-003,0,-2.529045385685813e-003,-1.454014489626831e-003
DJI_0014.jpg,-1.989232821886003,16.72147656651214,22.47335138078779,29.58974513805491,89.3536298720153,-169.1044045142789,24.28642305581734,-4.222945704235492e-003,-2.673859358181004e-003,-1.506957935781515e-002,8.289196481844555e-007,8.402515498869877e-003,0,-2.529045385685813e-003,-1.454014489626831e-003
DJI_0015.jpg,-1.966744811115625,16.70880799181759,24.91025264002383,28.61194150997702,89.35748090259061,-170.0554284484473,24.28642305581734,-4.222945704235492e-003,-2.673859358181004e-003,-1.506957935781515e-002,8.289196481844555e-007,8.402515498869877e-003,0,-2.529045385685813e-003,-1.454014489626831e-003
DJI_0016.jpg,-1.998717588492729,16.67281436361372,27.36220988444984,28.49521542536687,89.3346836802714,-170.3987848529949,24.28642305581734,-4.222945704235492e-003,-2.673859358181004e-003,-1.506957935781515e-002,8.289196481844555e-007,8.402515498869877e-003,0,-2.529045385685813e-003,-1.454014489626831e-003
DJI_0017.jpg,-2.072474392071782,16.64994540018961,29.69550560135394,29.85497193679543,89.31037274425199,-168.8068901261568,24.28642305581734,-4.222945704235492e-003,-2.673859358181004e-003,-1.506957935781515e-002,8.289196481844555e-007,8.402515498869877e-003,0,-2.529045385685813e-003,-1.454014489626831e-003
DJI_0018.jpg,-1.320936794800211,16.34210228780285,30.18918291851878,20.00090930424485,89.34878988602395,-117.8103240082232,24.28642305581734,-4.222945704235492e-003,-2.673859358181004e-003,-1.506957935781515e-002,8.289196481844555e-007,8.402515498869877e-003,0,-2.529045385685813e-003,-1.454014489626831e-003
DJI_0019.jpg,-1.340629105846325,16.47989250114188,30.18395716603845,133.3149137174605,63.59032973637576,-1.23811141445422,24.28642305581734,-4.222945704235492e-003,-2.673859358181004e-003,-1.506957935781515e-002,8.289196481844555e-007,8.402515498869877e-003,0,-2.529045385685813e-003,-1.454014489626831e-003
DJI_0020.jpg,-1.368784379593349,16.5874735978432,30.14594268985093,133.8816964680443,39.67111087515936,-0.8402426732382348,24.28642305581734,-4.222945704235492e-003,-2.673859358181004e-003,-1.506957935781515e-002,8.289196481844555e-007,8.402515498869877e-003,0,-2.529045385685813e-003,-1.454014489626831e-003
DJI_0021.jpg,-1.381712639639618,16.4345638230443,30.12052014283836,133.6781320428916,44.61009270051495,-0.7671982725610217,24.28642305581734,-4.222945704235492e-003,-2.673859358181004e-003,-1.506957935781515e-002,8.289196481844555e-007,8.402515498869877e-003,0,-2.529045385685813e-003,-1.454014489626831e-003
DJI_0022.jpg,-1.276787320545512,16.47038270812482,30.15563010796905,133.8146289441045,44.70003264152216,-0.5967073654977243,24.28642305581734,-4.222945704235492e-003,-2.673859358181004e-003,-1.506957935781515e-002,8.289196481844555e-007,8.402515498869877e-003,0,-2.529045385685813e-003,-1.454014489626831e-003
DJI_0023.jpg,-1.748595061247026,15.92377122677863,30.12276383303106,-167.7506677904549,44.64422745159919,0.270839253389612,24.28642305581734,-4.222945704235492e-003,-2.673859358181004e-003,-1.506957935781515e-002,8.289196481844555e-007,8.402515498869877e-003,0,-2.529045385685813e-003,-1.454014489626831e-003
DJI_0024.jpg,-1.695024457753695,15.96921060793102,30.13994326069951,-165.2831257484038,28.43680490773339,0.1605588485391919,24.28642305581734,-4.222945704235492e-003,-2.673859358181004e-003,-1.506957935781515e-002,8.289196481844555e-007,8.402515498869877e-003,0,-2.529045385685813e-003,-1.454014489626831e-003
DJI_0025.jpg,-1.741754024748967,15.98807224538177,30.10615372098982,-164.9680753414956,56.17798129685276,0.6497414917294868,24.28642305581734,-4.222945704235492e-003,-2.673859358181004e-003,-1.506957935781515e-002,8.289196481844555e-007,8.402515498869877e-003,0,-2.529045385685813e-003,-1.454014489626831e-003
DJI_0026.jpg,2.48528592893028,-11.53545681852847,39.41786055639386,36.19955473201149,50.81103722672633,-0.9296704737977654,24.28642305581734,-4.222945704235492e-003,-2.673859358181004e-003,-1.506957935781515e-002,8.289196481844555e-007,8.402515498869877e-003,0,-2.529045385685813e-003,-1.454014489626831e-003
DJI_0027.jpg,2.405865958878963,-11.57172919809818,39.41878348588943,35.07668221257719,62.74757468193246,-0.8405103245245739,24.28642305581734,-4.222945704235492e-003,-2.673859358181004e-003,-1.506957935781515e-002,8.289196481844555e-007,8.402515498869877e-003,0,-2.529045385685813e-003,-1.454014489626831e-003
DJI_0028.jpg,2.390594627703875,-11.51878203218803,39.44081605225801,35.67016491871401,28.25467368629756,-0.5909594309670125,24.28642305581734,-4.222945704235492e-003,-2.673859358181004e-003,-1.506957935781515e-002,8.289196481844555e-007,8.402515498869877e-003,0,-2.529045385685813e-003,-1.454014489626831e-003
DJI_0029.jpg,2.233972143834021,-11.55616632988676,39.38515137322247,36.05670796652728,43.19729572596093,-0.4321899995186484,24.28642305581734,-4.222945704235492e-003,-2.673859358181004e-003,-1.506957935781515e-002,8.289196481844555e-007,8.402515498869877e-003,0,-2.529045385685813e-003,-1.454014489626831e-003
DJI_0030.jpg,5.768983282692436,-10.51450283406302,38.84232966136187,-39.11555062462318,43.75037824436775,-0.4373897164665371,24.28642305581734,-4.222945704235492e-003,-2.673859358181004e-003,-1.506957935781515e-002,8.289196481844555e-007,8.402515498869877e-003,0,-2.529045385685813e-003,-1.454014489626831e-003
DJI_0031.jpg,5.734057328752068,-10.41188477259129,38.80625341273844,-41.51520442550472,56.35661672063186,-0.3227805956360864,24.28642305581734,-4.222945704235492e-003,-2.673859358181004e-003,-1.506957935781515e-002,8.289196481844555e-007,8.402515498869877e-003,0,-2.529045385685813e-003,-1.454014489626831e-003
DJI_0032.jpg,5.6409920510801,-10.41757372533903,38.83270313590765,-41.81338736183476,22.76659277997691,-0.3481579610546597,24.28642305581734,-4.222945704235492e-003,-2.673859358181004e-003,-1.506957935781515e-002,8.289196481844555e-007,8.402515498869877e-003,0,-2.529045385685813e-003,-1.454014489626831e-003
DJI_0033.jpg,5.623623778674681,-10.38185844663531,38.86547855474055,-41.64976813184923,30.31977680918605,-0.2054535583127992,24.28642305581734,-4.222945704235492e-003,-2.673859358181004e-003,-1.506957935781515e-002,8.289196481844555e-007,8.402515498869877e-003,0,-2.529045385685813e-003,-1.454014489626831e-003
DJI_0034.jpg,5.687108134469905,-10.46647048508748,38.84999867156148,-41.47874505864372,35.56860703960914,-9.712056068959202e-002,24.28642305581734,-4.222945704235492e-003,-2.673859358181004e-003,-1.506957935781515e-002,8.289196481844555e-007,8.402515498869877e-003,0,-2.529045385685813e-003,-1.454014489626831e-003
DJI_0035.jpg,1.488907499987462,-14.01328356238082,41.25924064777792,-6.41232912944659,35.58096183079141,0.4194027957431111,24.28642305581734,-4.222945704235492e-003,-2.673859358181004e-003,-1.506957935781515e-002,8.289196481844555e-007,8.402515498869877e-003,0,-2.529045385685813e-003,-1.454014489626831e-003
DJI_0036.jpg,-4.200836644713462,-14.24951609689742,41.35577244497836,-6.149557599069376,35.48962444488406,0.290349005452976,24.28642305581734,-4.222945704235492e-003,-2.673859358181004e-003,-1.506957935781515e-002,8.289196481844555e-007,8.402515498869877e-003,0,-2.529045385685813e-003,-1.454014489626831e-003
DJI_0037.jpg,-4.111635505436213,-14.28414265019819,41.29864450078458,-6.627547134839081,52.00488807203155,0.4940491111063828,24.28642305581734,-4.222945704235492e-003,-2.673859358181004e-003,-1.506957935781515e-002,8.289196481844555e-007,8.402515498869877e-003,0,-2.529045385685813e-003,-1.454014489626831e-003
DJI_0038.jpg,-4.077779418516733,-14.14500839915127,41.33717609662563,-7.226304148661283,23.28882091225497,8.086494720440024e-002,24.28642305581734,-4.222945704235492e-003,-2.673859358181004e-003,-1.506957935781515e-002,8.289196481844555e-007,8.402515498869877e-003,0,-2.529045385685813e-003,-1.454014489626831e-003
DJI_0039.jpg,-4.243501231748469,-14.23588067386299,41.29551187716424,-6.220342663903766,10.71355575855744,4.400732295257713e-002,24.28642305581734,-4.222945704235492e-003,-2.673859358181004e-003,-1.506957935781515e-002,8.289196481844555e-007,8.402515498869877e-003,0,-2.529045385685813e-003,-1.454014489626831e-003
DJI_0040.jpg,-4.206935241095591,-14.27013039123267,41.35167923569679,-7.325836478329117,15.74238092290577,8.420598928161505e-002,24.28642305581734,-4.222945704235492e-003,-2.673859358181004e-003,-1.506957935781515e-002,8.289196481844555e-007,8.402515498869877e-003,0,-2.529045385685813e-003,-1.454014489626831e-003
DJI_0041.jpg,-4.160367093730889,-14.34474732261151,41.37514518667012,-6.642148461916998,15.71841292838635,9.634573452407007e-002,24.28642305581734,-4.222945704235492e-003,-2.673859358181004e-003,-1.506957935781515e-002,8.289196481844555e-007,8.402515498869877e-003,0,-2.529045385685813e-003,-1.454014489626831e-003
DJI_0042.jpg,-11.11011771000077,-14.65114911645651,41.17876028735191,26.43667705687619,15.33373262545487,8.57407184657061e-003,24.28642305581734,-4.222945704235492e-003,-2.673859358181004e-003,-1.506957935781515e-002,8.289196481844555e-007,8.402515498869877e-003,0,-2.529045385685813e-003,-1.454014489626831e-003
DJI_0043.jpg,-10.97528860323701,-14.50779638579115,41.23880234453827,26.7872579580923,24.69949967013353,5.050361965390139e-002,24.28642305581734,-4.222945704235492e-003,-2.673859358181004e-003,-1.506957935781515e-002,8.289196481844555e-007,8.402515498869877e-003,0,-2.529045385685813e-003,-1.454014489626831e-003
DJI_0044.jpg,-10.85140567157787,-14.50874623050913,41.26594960689545,26.65648521697918,29.76263285462601,3.110513053044071e-002,24.28642305581734,-4.222945704235492e-003,-2.673859358181004e-003,-1.506957935781515e-002,8.289196481844555e-007,8.402515498869877e-003,0,-2.529045385685813e-003,-1.454014489626831e-003
DJI_0045.jpg,-10.71619727205263,-14.31113364221528,41.25508209504187,26.25631949977979,37.0518385448927,1.728949271733985e-002,24.28642305581734,-4.222945704235492e-003,-2.673859358181004e-003,-1.506957935781515e-002,8.289196481844555e-007,8.402515498869877e-003,0,-2.529045385685813e-003,-1.454014489626831e-003
DJI_0046.jpg,-10.54271103417849,-14.38485921500251,41.30332527123392,25.8868920262483,45.15372880231699,1.644976465588674e-002,24.28642305581734,-4.222945704235492e-003,-2.673859358181004e-003,-1.506957935781515e-002,8.289196481844555e-007,8.402515498869877e-003,0,-2.529045385685813e-003,-1.454014489626831e-003
DJI_0047.jpg,-11.00530900875292,-14.38845846895128,41.33003711421043,26.58898861405988,52.85247699968519,3.301312700851079e-004,24.28642305581734,-4.222945704235492e-003,-2.673859358181004e-003,-1.506957935781515e-002,8.289196481844555e-007,8.402515498869877e-003,0,-2.529045385685813e-003,-1.454014489626831e-003
DJI_0048.jpg,-14.05595766157753,-13.40197517443448,41.29288434237242,28.15785991923208,26.43697279605987,-0.1943777503157338,24.28642305581734,-4.222945704235492e-003,-2.673859358181004e-003,-1.506957935781515e-002,8.289196481844555e-007,8.402515498869877e-003,0,-2.529045385685813e-003,-1.454014489626831e-003
DJI_0049.jpg,-15.56547270386175,-12.36997504672036,41.29218488000333,32.62929626208667,26.43819917864973,-0.1743185423694809,24.28642305581734,-4.222945704235492e-003,-2.673859358181004e-003,-1.506957935781515e-002,8.289196481844555e-007,8.402515498869877e-003,0,-2.529045385685813e-003,-1.454014489626831e-003
DJI_0050.jpg,-17.67971851508949,-10.41995314788073,41.27978122234344,42.83222692784406,26.40085914762408,-0.117255912736225,24.28642305581734,-4.222945704235492e-003,-2.673859358181004e-003,-1.506957935781515e-002,8.289196481844555e-007,8.402515498869877e-003,0,-2.529045385685813e-003,-1.454014489626831e-003
DJI_0051.jpg,-21.48613767284714,-5.794892585836351,41.3123740144074,57.94406010704972,26.32312153213532,-8.609168154181183e-002,24.28642305581734,-4.222945704235492e-003,-2.673859358181004e-003,-1.506957935781515e-002,8.289196481844555e-007,8.402515498869877e-003,0,-2.529045385685813e-003,-1.454014489626831e-003
DJI_0052.jpg,-23.32147368850284,-2.950635813176632,41.36707257758826,80.45995476300867,26.21727454919161,-7.695657015094273e-002,24.28642305581734,-4.222945704235492e-003,-2.673859358181004e-003,-1.506957935781515e-002,8.289196481844555e-007,8.402515498869877e-003,0,-2.529045385685813e-003,-1.454014489626831e-003
DJI_0053.jpg,-22.97452752676226,-2.653398396912962,41.32093245722353,87.40594847273624,34.7557525288731,4.174396334643304e-002,24.28642305581734,-4.222945704235492e-003,-2.673859358181004e-003,-1.506957935781515e-002,8.289196481844555e-007,8.402515498869877e-003,0,-2.529045385685813e-003,-1.454014489626831e-003
DJI_0054.jpg,-22.98263999645021,-2.681490590795875,41.36843891628087,86.86094469002677,43.19924998832491,5.381414272430832e-002,24.28642305581734,-4.222945704235492e-003,-2.673859358181004e-003,-1.506957935781515e-002,8.289196481844555e-007,8.402515498869877e-003,0,-2.529045385685813e-003,-1.454014489626831e-003
DJI_0055.jpg,-23.00799650430573,-2.639716173056513,41.35872673429549,86.92076940905622,43.22493449571001,2.657414624985035e-002,24.28642305581734,-4.222945704235492e-003,-2.673859358181004e-003,-1.506957935781515e-002,8.289196481844555e-007,8.402515498869877e-003,0,-2.529045385685813e-003,-1.454014489626831e-003
DJI_0056.jpg,-23.00816677056271,-2.667314138729125,41.3881353251636,87.09602006082855,52.69595583143705,5.931971033950957e-002,24.28642305581734,-4.222945704235492e-003,-2.673859358181004e-003,-1.506957935781515e-002,8.289196481844555e-007,8.402515498869877e-003,0,-2.529045385685813e-003,-1.454014489626831e-003
DJI_0057.jpg,-22.91794301859829,-2.656054109800607,41.39833304099739,87.00061750427412,52.75751577248488,-0.1267051286305434,24.28642305581734,-4.222945704235492e-003,-2.673859358181004e-003,-1.506957935781515e-002,8.289196481844555e-007,8.402515498869877e-003,0,-2.529045385685813e-003,-1.454014489626831e-003
DJI_0058.jpg,-23.04117609435201,-2.931841107085347,41.41159245651215,87.00980408588673,61.77357475792954,-0.1199893875005744,24.28642305581734,-4.222945704235492e-003,-2.673859358181004e-003,-1.506957935781515e-002,8.289196481844555e-007,8.402515498869877e-003,0,-2.529045385685813e-003,-1.454014489626831e-003
DJI_0059.jpg,-23.04062809203419,-2.830990741960704,41.34460573736578,86.78699046725987,12.08496869924354,-0.3571816426470943,24.28642305581734,-4.222945704235492e-003,-2.673859358181004e-003,-1.506957935781515e-002,8.289196481844555e-007,8.402515498869877e-003,0,-2.529045385685813e-003,-1.454014489626831e-003
DJI_0060.jpg,-22.75038866980044,-1.909265832509845,41.33050081506371,86.95242331812894,27.29590860132489,-0.3055013287054327,24.28642305581734,-4.222945704235492e-003,-2.673859358181004e-003,-1.506957935781515e-002,8.289196481844555e-007,8.402515498869877e-003,0,-2.529045385685813e-003,-1.454014489626831e-003
DJI_0061.jpg,-22.51669229391122,1.041823672596365,41.35898181516677,92.64984631150884,27.30867068350991,-0.3074317278210054,24.28642305581734,-4.222945704235492e-003,-2.673859358181004e-003,-1.506957935781515e-002,8.289196481844555e-007,8.402515498869877e-003,0,-2.529045385685813e-003,-1.454014489626831e-003
DJI_0062.jpg,-21.70940154659449,4.804625809192657,41.39599135704339,100.5461186143966,27.34606377742594,-0.2686308430267715,24.28642305581734,-4.222945704235492e-003,-2.673859358181004e-003,-1.506957935781515e-002,8.289196481844555e-007,8.402515498869877e-003,0,-2.529045385685813e-003,-1.454014489626831e-003
DJI_0063.jpg,-21.66882622899629,5.035253116395324,41.3418550286442,101.8448842774265,40.02587213034284,-0.2542838108545631,24.28642305581734,-4.222945704235492e-003,-2.673859358181004e-003,-1.506957935781515e-002,8.289196481844555e-007,8.402515498869877e-003,0,-2.529045385685813e-003,-1.454014489626831e-003
DJI_0064.jpg,-21.62659031344786,5.060361408628523,41.29196244012564,101.5388191855057,52.03698467179616,-0.1441957020737904,24.28642305581734,-4.222945704235492e-003,-2.673859358181004e-003,-1.506957935781515e-002,8.289196481844555e-007,8.402515498869877e-003,0,-2.529045385685813e-003,-1.454014489626831e-003
DJI_0065.jpg,-21.66526657255806,5.042006742209196,41.29262009263039,101.0445074224412,21.10218332322799,-0.3178376563586907,24.28642305581734,-4.222945704235492e-003,-2.673859358181004e-003,-1.506957935781515e-002,8.289196481844555e-007,8.402515498869877e-003,0,-2.529045385685813e-003,-1.454014489626831e-003
DJI_0066.jpg,-21.62981813407389,5.009457759093493,41.29779229126871,100.9533718871862,9.017097209171082,-0.2948329838888515,24.28642305581734,-4.222945704235492e-003,-2.673859358181004e-003,-1.506957935781515e-002,8.289196481844555e-007,8.402515498869877e-003,0,-2.529045385685813e-003,-1.454014489626831e-003
DJI_0067.jpg,-19.9996776263851,9.395904380362481,41.26126584410667,117.7337722753248,29.85738531092427,-0.1727300103547132,24.28642305581734,-4.222945704235492e-003,-2.673859358181004e-003,-1.506957935781515e-002,8.289196481844555e-007,8.402515498869877e-003,0,-2.529045385685813e-003,-1.454014489626831e-003
DJI_0068.jpg,-19.88466979513193,9.450683255679905,41.21965305414051,120.0771289211187,0.3622758072862632,-0.2171994879884539,24.28642305581734,-4.222945704235492e-003,-2.673859358181004e-003,-1.506957935781515e-002,8.289196481844555e-007,8.402515498869877e-003,0,-2.529045385685813e-003,-1.454014489626831e-003
DJI_0069.jpg,-19.91636518198447,9.501061947084963,41.23898521997035,119.9593349461943,20.01080190196875,-0.1494198854049264,24.28642305581734,-4.222945704235492e-003,-2.673859358181004e-003,-1.506957935781515e-002,8.289196481844555e-007,8.402515498869877e-003,0,-2.529045385685813e-003,-1.454014489626831e-003
DJI_0070.jpg,-19.9460951517755,9.524155500344932,41.30955817550421,119.971369112492,44.51204619950398,-1.993192544741334e-002,24.28642305581734,-4.222945704235492e-003,-2.673859358181004e-003,-1.506957935781515e-002,8.289196481844555e-007,8.402515498869877e-003,0,-2.529045385685813e-003,-1.454014489626831e-003
DJI_0071.jpg,-15.80128532346517,14.50280312262475,41.26492591947317,141.7368304704904,44.41859803149108,-0.1384877481701577,24.28642305581734,-4.222945704235492e-003,-2.673859358181004e-003,-1.506957935781515e-002,8.289196481844555e-007,8.402515498869877e-003,0,-2.529045385685813e-003,-1.454014489626831e-003
DJI_0072.jpg,-15.67836146686542,14.49439431959763,41.26123751234263,144.9669122894721,52.24537485612679,-0.1667859785757482,24.28642305581734,-4.222945704235492e-003,-2.673859358181004e-003,-1.506957935781515e-002,8.289196481844555e-007,8.402515498869877e-003,0,-2.529045385685813e-003,-1.454014489626831e-003
DJI_0073.jpg,-15.71632627049408,14.5193824893795,41.26737844944,144.8008949139955,18.50007352186162,-0.3433192672538334,24.28642305581734,-4.222945704235492e-003,-2.673859358181004e-003,-1.506957935781515e-002,8.289196481844555e-007,8.402515498869877e-003,0,-2.529045385685813e-003,-1.454014489626831e-003
DJI_0074.jpg,-15.74326823629322,14.47848934540525,41.34277574904263,144.6717428433703,29.35276218701292,-0.3002922888387989,24.28642305581734,-4.222945704235492e-003,-2.673859358181004e-003,-1.506957935781515e-002,8.289196481844555e-007,8.402515498869877e-003,0,-2.529045385685813e-003,-1.454014489626831e-003
DJI_0075.jpg,-12.33190497106094,16.2159426426515,41.31210540328175,154.9931972786093,29.35357773123248,-0.338261503912464,24.28642305581734,-4.222945704235492e-003,-2.673859358181004e-003,-1.506957935781515e-002,8.289196481844555e-007,8.402515498869877e-003,0,-2.529045385685813e-003,-1.454014489626831e-003
DJI_0076.jpg,-12.21797799228491,16.13353685010225,41.37346753850579,157.6187718944287,20.7034778814675,-0.3576409577176799,24.28642305581734,-4.222945704235492e-003,-2.673859358181004e-003,-1.506957935781515e-002,8.289196481844555e-007,8.402515498869877e-003,0,-2.529045385685813e-003,-1.454014489626831e-003
DJI_0077.jpg,-12.16884873622986,16.19877979718149,41.36526818014681,157.6971323645539,4.579400297517757,-0.3815347015509305,24.28642305581734,-4.222945704235492e-003,-2.673859358181004e-003,-1.506957935781515e-002,8.289196481844555e-007,8.402515498869877e-003,0,-2.529045385685813e-003,-1.454014489626831e-003
DJI_0078.jpg,-12.16864469137314,16.19714370276779,41.32782571204007,157.7946713557245,50.7674156317993,-0.2753522771650631,24.28642305581734,-4.222945704235492e-003,-2.673859358181004e-003,-1.506957935781515e-002,8.289196481844555e-007,8.402515498869877e-003,0,-2.529045385685813e-003,-1.454014489626831e-003
DJI_0079.jpg,-7.525332092685188,17.0162993981503,41.38006819970906,173.8326428276397,50.73306967570878,-0.5188779562336655,24.28642305581734,-4.222945704235492e-003,-2.673859358181004e-003,-1.506957935781515e-002,8.289196481844555e-007,8.402515498869877e-003,0,-2.529045385685813e-003,-1.454014489626831e-003
DJI_0080.jpg,-7.508809650241559,16.94053367991,41.34203689638525,173.3438769324052,45.22644477017791,-0.641970266827469,24.28642305581734,-4.222945704235492e-003,-2.673859358181004e-003,-1.506957935781515e-002,8.289196481844555e-007,8.402515498869877e-003,0,-2.529045385685813e-003,-1.454014489626831e-003
DJI_0081.jpg,-7.508775517731666,16.98945262189955,41.30248384457082,173.3143045119944,28.38238600928998,-0.642383887736612,24.28642305581734,-4.222945704235492e-003,-2.673859358181004e-003,-1.506957935781515e-002,8.289196481844555e-007,8.402515498869877e-003,0,-2.529045385685813e-003,-1.454014489626831e-003
DJI_0082.jpg,-7.504243296024364,16.99817284708843,41.3211774174124,173.2212696526365,11.52879026211497,-0.5771985576782992,24.28642305581734,-4.222945704235492e-003,-2.673859358181004e-003,-1.506957935781515e-002,8.289196481844555e-007,8.402515498869877e-003,0,-2.529045385685813e-003,-1.454014489626831e-003
DJI_0083.jpg,-7.535030912988847,16.99881204357371,41.36712073907256,173.2870244522037,8.316365894020361,-0.478688491517377,24.28642305581734,-4.222945704235492e-003,-2.673859358181004e-003,-1.506957935781515e-002,8.289196481844555e-007,8.402515498869877e-003,0,-2.529045385685813e-003,-1.454014489626831e-003
DJI_0084.jpg,-5.523509309526403,17.1505051148124,41.32235267758369,172.9940269213804,37.99592844295009,-0.5423254896441505,24.28642305581734,-4.222945704235492e-003,-2.673859358181004e-003,-1.506957935781515e-002,8.289196481844555e-007,8.402515498869877e-003,0,-2.529045385685813e-003,-1.454014489626831e-003
DJI_0085.jpg,0.3440140291501076,17.35566648095846,41.37936063110828,172.4541388602109,37.98784426969263,-0.717924951822161,24.28642305581734,-4.222945704235492e-003,-2.673859358181004e-003,-1.506957935781515e-002,8.289196481844555e-007,8.402515498869877e-003,0,-2.529045385685813e-003,-1.454014489626831e-003
DJI_0086.jpg,6.962138123489762,17.47293980466202,41.36066625639796,172.6314992883164,38.01649726830227,-0.7334691005639933,24.28642305581734,-4.222945704235492e-003,-2.673859358181004e-003,-1.506957935781515e-002,8.289196481844555e-007,8.402515498869877e-003,0,-2.529045385685813e-003,-1.454014489626831e-003
DJI_0087.jpg,9.840615998055192,20.23498060321435,41.34285019058734,172.467997085116,38.09554872824672,-0.6959771095504296,24.28642305581734,-4.222945704235492e-003,-2.673859358181004e-003,-1.506957935781515e-002,8.289196481844555e-007,8.402515498869877e-003,0,-2.529045385685813e-003,-1.454014489626831e-003
DJI_0088.jpg,11.16011647650822,20.26568899862468,41.32847688812762,172.4611231059264,38.07860441658634,-0.6515783719456599,24.28642305581734,-4.222945704235492e-003,-2.673859358181004e-003,-1.506957935781515e-002,8.289196481844555e-007,8.402515498869877e-003,0,-2.529045385685813e-003,-1.454014489626831e-003
DJI_0089.jpg,11.34223847047112,20.16408201027662,41.3553555989638,172.9449453088828,56.45454421589177,-0.7051815169196455,24.28642305581734,-4.222945704235492e-003,-2.673859358181004e-003,-1.506957935781515e-002,8.289196481844555e-007,8.402515498869877e-003,0,-2.529045385685813e-003,-1.454014489626831e-003
DJI_0090.jpg,11.3188269171202,20.17938122246414,41.35775242280215,172.8307304157121,22.4813330613268,-0.6150722791737044,24.28642305581734,-4.222945704235492e-003,-2.673859358181004e-003,-1.506957935781515e-002,8.289196481844555e-007,8.402515498869877e-003,0,-2.529045385685813e-003,-1.454014489626831e-003
DJI_0091.jpg,11.3306697304649,20.21714715333655,41.31984379701316,173.0274551678432,13.37703568802385,-0.5706576503955738,24.28642305581734,-4.222945704235492e-003,-2.673859358181004e-003,-1.506957935781515e-002,8.289196481844555e-007,8.402515498869877e-003,0,-2.529045385685813e-003,-1.454014489626831e-003
DJI_0092.jpg,16.15654568285685,20.37748273881152,41.28349068574607,-170.1726753960917,29.68689685263047,-0.3147917767461105,24.28642305581734,-4.222945704235492e-003,-2.673859358181004e-003,-1.506957935781515e-002,8.289196481844555e-007,8.402515498869877e-003,0,-2.529045385685813e-003,-1.454014489626831e-003
DJI_0093.jpg,16.17671628022687,20.43724999437109,41.31943212170154,-167.5290256253992,49.73248947097621,-0.147594380933149,24.28642305581734,-4.222945704235492e-003,-2.673859358181004e-003,-1.506957935781515e-002,8.289196481844555e-007,8.402515498869877e-003,0,-2.529045385685813e-003,-1.454014489626831e-003
DJI_0094.jpg,16.26420417759136,20.39130200725049,41.32423758693039,-167.6460486084125,49.7755759974909,-0.2106881144455902,24.28642305581734,-4.222945704235492e-003,-2.673859358181004e-003,-1.506957935781515e-002,8.289196481844555e-007,8.402515498869877e-003,0,-2.529045385685813e-003,-1.454014489626831e-003
DJI_0095.jpg,16.26499455519708,20.32296575047076,41.34149659052491,-167.6349099920463,21.98220125205202,-0.3613079516539497,24.28642305581734,-4.222945704235492e-003,-2.673859358181004e-003,-1.506957935781515e-002,8.289196481844555e-007,8.402515498869877e-003,0,-2.529045385685813e-003,-1.454014489626831e-003
DJI_0096.jpg,16.31741604538911,20.29722245410085,41.3312111441046,-167.2755847218921,11.5009805197216,-0.3239886725517706,24.28642305581734,-4.222945704235492e-003,-2.673859358181004e-003,-1.506957935781515e-002,8.289196481844555e-007,8.402515498869877e-003,0,-2.529045385685813e-003,-1.454014489626831e-003
DJI_0097.jpg,24.75159291883903,16.9635411594063,41.29086947347969,-141.648654779884,56.62953168043629,-4.658500282254576e-002,24.28642305581734,-4.222945704235492e-003,-2.673859358181004e-003,-1.506957935781515e-002,8.289196481844555e-007,8.402515498869877e-003,0,-2.529045385685813e-003,-1.454014489626831e-003
DJI_0098.jpg,24.69488329447687,16.95130322640762,41.29932417813689,-140.9579405326864,41.47009393795466,-0.1466286292269519,24.28642305581734,-4.222945704235492e-003,-2.673859358181004e-003,-1.506957935781515e-002,8.289196481844555e-007,8.402515498869877e-003,0,-2.529045385685813e-003,-1.454014489626831e-003
DJI_0099.jpg,24.70713226923474,16.93853313662112,41.30419707205147,-140.9840741894928,27.72903348639246,-0.2127129055569064,24.28642305581734,-4.222945704235492e-003,-2.673859358181004e-003,-1.506957935781515e-002,8.289196481844555e-007,8.402515498869877e-003,0,-2.529045385685813e-003,-1.454014489626831e-003
DJI_0100.jpg,24.6090052836437,16.9900458548218,41.31306829676032,-140.9406180346804,15.12512676567837,-0.213701260647786,24.28642305581734,-4.222945704235492e-003,-2.673859358181004e-003,-1.506957935781515e-002,8.289196481844555e-007,8.402515498869877e-003,0,-2.529045385685813e-003,-1.454014489626831e-003
DJI_0101.jpg,28.80241279382406,11.60243466636166,41.30797117669135,-121.4657121210425,15.04262414462022,-0.1901555830334465,24.28642305581734,-4.222945704235492e-003,-2.673859358181004e-003,-1.506957935781515e-002,8.289196481844555e-007,8.402515498869877e-003,0,-2.529045385685813e-003,-1.454014489626831e-003
DJI_0102.jpg,28.95256380534231,11.42210782365873,41.40249182470143,-118.7253864120665,34.2311700728834,-0.1118672208680427,24.28642305581734,-4.222945704235492e-003,-2.673859358181004e-003,-1.506957935781515e-002,8.289196481844555e-007,8.402515498869877e-003,0,-2.529045385685813e-003,-1.454014489626831e-003
DJI_0103.jpg,29.04147916596138,11.3699342738837,41.40177086275071,-118.8047805147782,38.82886014377464,-0.1360365527512146,24.28642305581734,-4.222945704235492e-003,-2.673859358181004e-003,-1.506957935781515e-002,8.289196481844555e-007,8.402515498869877e-003,0,-2.529045385685813e-003,-1.454014489626831e-003
DJI_0104.jpg,28.95479029309148,11.53777915099636,41.4138860553503,-119.1180319032886,52.39650063236424,-5.629857738774557e-002,24.28642305581734,-4.222945704235492e-003,-2.673859358181004e-003,-1.506957935781515e-002,8.289196481844555e-007,8.402515498869877e-003,0,-2.529045385685813e-003,-1.454014489626831e-003
DJI_0105.jpg,30.67174556473684,5.040866908617318,41.40368659980595,-92.34114924480266,52.24169759085775,-0.1582628908959406,24.28642305581734,-4.222945704235492e-003,-2.673859358181004e-003,-1.506957935781515e-002,8.289196481844555e-007,8.402515498869877e-003,0,-2.529045385685813e-003,-1.454014489626831e-003
DJI_0106.jpg,30.73085041289265,4.766329816542566,41.45053361169994,-89.41817976752195,25.07282542198465,-0.2913655575846569,24.28642305581734,-4.222945704235492e-003,-2.673859358181004e-003,-1.506957935781515e-002,8.289196481844555e-007,8.402515498869877e-003,0,-2.529045385685813e-003,-1.454014489626831e-003
DJI_0107.jpg,30.80588169200871,4.727818768937141,41.45588688831776,-89.30013780644819,37.24563812928545,-0.2676228693022225,24.28642305581734,-4.222945704235492e-003,-2.673859358181004e-003,-1.506957935781515e-002,8.289196481844555e-007,8.402515498869877e-003,0,-2.529045385685813e-003,-1.454014489626831e-003
DJI_0108.jpg,30.77963771010851,4.806266257539392,41.3919438496232,-89.20985188807482,13.40330851500932,-0.2652145013440309,24.28642305581734,-4.222945704235492e-003,-2.673859358181004e-003,-1.506957935781515e-002,8.289196481844555e-007,8.402515498869877e-003,0,-2.529045385685813e-003,-1.454014489626831e-003
DJI_0109.jpg,29.54124466264694,-3.264323757961392,41.42795218061656,-62.28991260768649,13.35803636664847,-0.3293523632916238,24.28642305581734,-4.222945704235492e-003,-2.673859358181004e-003,-1.506957935781515e-002,8.289196481844555e-007,8.402515498869877e-003,0,-2.529045385685813e-003,-1.454014489626831e-003
DJI_0110.jpg,29.62259002989398,-3.232460787519813,41.39692921563983,-60.23042133322593,30.98341126035173,-0.2928615504086114,24.28642305581734,-4.222945704235492e-003,-2.673859358181004e-003,-1.506957935781515e-002,8.289196481844555e-007,8.402515498869877e-003,0,-2.529045385685813e-003,-1.454014489626831e-003
DJI_0111.jpg,29.60028409240917,-3.257632185705006,41.4267309140414,-60.24486068864869,42.72519192701166,-0.289837049746775,24.28642305581734,-4.222945704235492e-003,-2.673859358181004e-003,-1.506957935781515e-002,8.289196481844555e-007,8.402515498869877e-003,0,-2.529045385685813e-003,-1.454014489626831e-003
DJI_0112.jpg,29.48853671345235,-3.324360542930663,41.43740788381547,-60.35711181107364,52.07071848422464,-0.300778500964622,24.28642305581734,-4.222945704235492e-003,-2.673859358181004e-003,-1.506957935781515e-002,8.289196481844555e-007,8.402515498869877e-003,0,-2.529045385685813e-003,-1.454014489626831e-003
DJI_0113.jpg,27.76512044055695,-9.088310210034251,40.54513834603131,-49.62608370634646,52.17641375438191,-0.5663626623731195,24.28642305581734,-4.222945704235492e-003,-2.673859358181004e-003,-1.506957935781515e-002,8.289196481844555e-007,8.402515498869877e-003,0,-2.529045385685813e-003,-1.454014489626831e-003
DJI_0114.jpg,27.79319466781244,-9.247411435469985,40.57674496527761,-48.50452706560216,38.74373969305008,-0.6097112799249592,24.28642305581734,-4.222945704235492e-003,-2.673859358181004e-003,-1.506957935781515e-002,8.289196481844555e-007,8.402515498869877e-003,0,-2.529045385685813e-003,-1.454014489626831e-003
DJI_0115.jpg,27.86649741038253,-9.171382087748498,40.58778824657202,-49.3099137835061,27.11703832179088,-0.5774162660515642,24.28642305581734,-4.222945704235492e-003,-2.673859358181004e-003,-1.506957935781515e-002,8.289196481844555e-007,8.402515498869877e-003,0,-2.529045385685813e-003,-1.454014489626831e-003
DJI_0116.jpg,28.01633220669198,-9.259195405989885,40.5889188926667,-49.02877771233195,16.35967484658807,-0.5581572191331217,24.28642305581734,-4.222945704235492e-003,-2.673859358181004e-003,-1.506957935781515e-002,8.289196481844555e-007,8.402515498869877e-003,0,-2.529045385685813e-003,-1.454014489626831e-003
DJI_0117.jpg,28.02819753521815,-9.302741205319762,40.58947256393731,-48.32256565420568,7.413598837951787,-0.5012635845879251,24.28642305581734,-4.222945704235492e-003,-2.673859358181004e-003,-1.506957935781515e-002,8.289196481844555e-007,8.402515498869877e-003,0,-2.529045385685813e-003,-1.454014489626831e-003
DJI_0118.jpg,24.72685071917775,-12.29865701217204,40.60705434065312,-32.86419400027948,34.69174523698987,-0.2529301947941742,24.28642305581734,-4.222945704235492e-003,-2.673859358181004e-003,-1.506957935781515e-002,8.289196481844555e-007,8.402515498869877e-003,0,-2.529045385685813e-003,-1.454014489626831e-003
DJI_0119.jpg,24.68552673465424,-12.4006987339817,40.56954405084252,-31.12248558433123,52.35321029303074,-0.1268783814870456,24.28642305581734,-4.222945704235492e-003,-2.673859358181004e-003,-1.506957935781515e-002,8.289196481844555e-007,8.402515498869877e-003,0,-2.529045385685813e-003,-1.454014489626831e-003
DJI_0120.jpg,24.76065770348295,-12.35252969712019,40.59800361003727,-31.20095663290994,43.51177128286472,-0.2727425839784954,24.28642305581734,-4.222945704235492e-003,-2.673859358181004e-003,-1.506957935781515e-002,8.289196481844555e-007,8.402515498869877e-003,0,-2.529045385685813e-003,-1.454014489626831e-003
DJI_0121.jpg,24.90377564075802,-12.23162896418944,40.6000006813556,-31.07543458320724,20.09817153987974,-0.3296566426253305,24.28642305581734,-4.222945704235492e-003,-2.673859358181004e-003,-1.506957935781515e-002,8.289196481844555e-007,8.402515498869877e-003,0,-2.529045385685813e-003,-1.454014489626831e-003
DJI_0122.jpg,24.85482380351716,-12.31798266805708,40.65682550054044,-30.7162762623323,7.898908789797851,-0.3225417415652747,24.28642305581734,-4.222945704235492e-003,-2.673859358181004e-003,-1.506957935781515e-002,8.289196481844555e-007,8.402515498869877e-003,0,-2.529045385685813e-003,-1.454014489626831e-003
DJI_0123.jpg,18.14099348594081,-13.87500457605347,40.58356418646872,-3.028325689108002,7.771761608300932,-9.45713355254741e-002,24.28642305581734,-4.222945704235492e-003,-2.673859358181004e-003,-1.506957935781515e-002,8.289196481844555e-007,8.402515498869877e-003,0,-2.529045385685813e-003,-1.454014489626831e-003
DJI_0124.jpg,18.12425685047075,-13.82114102737978,40.52782921493053,-2.013941259844753,12.51764567073316,-0.1290067848665926,24.28642305581734,-4.222945704235492e-003,-2.673859358181004e-003,-1.506957935781515e-002,8.289196481844555e-007,8.402515498869877e-003,0,-2.529045385685813e-003,-1.454014489626831e-003
DJI_0125.jpg,18.06514110907198,-13.83923985389993,40.59780502598733,-3.174604833820923,21.96032301591523,-0.1269489098245124,24.28642305581734,-4.222945704235492e-003,-2.673859358181004e-003,-1.506957935781515e-002,8.289196481844555e-007,8.402515498869877e-003,0,-2.529045385685813e-003,-1.454014489626831e-003
DJI_0126.jpg,18.1157904134832,-13.81337934872136,40.58905691932887,-3.801446343333955,31.00435211173066,-0.1491950351016255,24.28642305581734,-4.222945704235492e-003,-2.673859358181004e-003,-1.506957935781515e-002,8.289196481844555e-007,8.402515498869877e-003,0,-2.529045385685813e-003,-1.454014489626831e-003
DJI_0127.jpg,18.12689508708886,-13.84220533492044,40.54430387355387,-3.923215706712785,40.18743040833748,-0.1504470396743818,24.28642305581734,-4.222945704235492e-003,-2.673859358181004e-003,-1.506957935781515e-002,8.289196481844555e-007,8.402515498869877e-003,0,-2.529045385685813e-003,-1.454014489626831e-003
DJI_0128.jpg,15.62701013940317,-14.01731566665694,40.61551825329661,-4.189099039743736,40.27457762087905,-0.3305782136156712,24.28642305581734,-4.222945704235492e-003,-2.673859358181004e-003,-1.506957935781515e-002,8.289196481844555e-007,8.402515498869877e-003,0,-2.529045385685813e-003,-1.454014489626831e-003
DJI_0129.jpg,15.60142641443673,-14.08598512550816,40.6071438388899,-4.23928865953027,48.89759154889197,-0.2963092965035165,24.28642305581734,-4.222945704235492e-003,-2.673859358181004e-003,-1.506957935781515e-002,8.289196481844555e-007,8.402515498869877e-003,0,-2.529045385685813e-003,-1.454014489626831e-003
DJI_0130.jpg,15.72950075497948,-13.94492097245529,40.63709127530456,-4.123606944609503,12.77384929503809,-0.3765351290817097,24.28642305581734,-4.222945704235492e-003,-2.673859358181004e-003,-1.506957935781515e-002,8.289196481844555e-007,8.402515498869877e-003,0,-2.529045385685813e-003,-1.454014489626831e-003
DJI_0131.jpg,5.506868020053594,-13.07722842693329,40.62363459076732,17.79191059033359,12.65231115939254,-0.2574085491708458,24.28642305581734,-4.222945704235492e-003,-2.673859358181004e-003,-1.506957935781515e-002,8.289196481844555e-007,8.402515498869877e-003,0,-2.529045385685813e-003,-1.454014489626831e-003
DJI_0132.jpg,5.174043347486148,-12.99846738949418,40.55643769539893,20.29960187053765,37.84702307097642,-0.1366003025353169,24.28642305581734,-4.222945704235492e-003,-2.673859358181004e-003,-1.506957935781515e-002,8.289196481844555e-007,8.402515498869877e-003,0,-2.529045385685813e-003,-1.454014489626831e-003
DJI_0133.jpg,5.036539843655885,-13.08081336319447,40.58339902851731,20.06542747843966,29.58264743782614,-0.1933988365065245,24.28642305581734,-4.222945704235492e-003,-2.673859358181004e-003,-1.506957935781515e-002,8.289196481844555e-007,8.402515498869877e-003,0,-2.529045385685813e-003,-1.454014489626831e-003
DJI_0134.jpg,4.994304623333934,-13.12345745274797,40.58756711427122,20.86774920690565,58.86966915067447,-4.418507615847654e-002,24.28642305581734,-4.222945704235492e-003,-2.673859358181004e-003,-1.506957935781515e-002,8.289196481844555e-007,8.402515498869877e-003,0,-2.529045385685813e-003,-1.454014489626831e-003
DJI_0135.jpg,5.081176227317401,-13.02957808319479,40.61215632315725,20.50604508385642,24.1580540139165,-0.2927495577325359,24.28642305581734,-4.222945704235492e-003,-2.673859358181004e-003,-1.506957935781515e-002,8.289196481844555e-007,8.402515498869877e-003,0,-2.529045385685813e-003,-1.454014489626831e-003
DJI_0136.jpg,6.730860633598152,-13.53941023768857,40.54756469652057,-5.939978744621457,31.21464473050376,-0.7009072914455544,24.28642305581734,-4.222945704235492e-003,-2.673859358181004e-003,-1.506957935781515e-002,8.289196481844555e-007,8.402515498869877e-003,0,-2.529045385685813e-003,-1.454014489626831e-003
DJI_0137.jpg,6.74595510056005,-13.63867824804038,40.56748551037163,-5.799278105130554,18.50033109697857,-0.663797049300086,24.28642305581734,-4.222945704235492e-003,-2.673859358181004e-003,-1.506957935781515e-002,8.289196481844555e-007,8.402515498869877e-003,0,-2.529045385685813e-003,-1.454014489626831e-003
DJI_0138.jpg,6.608762202325517,-13.65629326878116,31.17856495641172,-5.469441845212057,59.55482306345014,0.1557001533508314,24.28642305581734,-4.222945704235492e-003,-2.673859358181004e-003,-1.506957935781515e-002,8.289196481844555e-007,8.402515498869877e-003,0,-2.529045385685813e-003,-1.454014489626831e-003
DJI_0139.jpg,6.629500558605041,-13.65795667143539,31.16149352304637,-5.335011669629754,49.52368913091957,-8.853155594414303e-002,24.28642305581734,-4.222945704235492e-003,-2.673859358181004e-003,-1.506957935781515e-002,8.289196481844555e-007,8.402515498869877e-003,0,-2.529045385685813e-003,-1.454014489626831e-003
DJI_0140.jpg,6.627686329195384,-13.63465543743223,31.17706816084683,-5.865552212430439,32.84411694005308,-0.2137025985705238,24.28642305581734,-4.222945704235492e-003,-2.673859358181004e-003,-1.506957935781515e-002,8.289196481844555e-007,8.402515498869877e-003,0,-2.529045385685813e-003,-1.454014489626831e-003
DJI_0141.jpg,6.773207616084585,-13.51207472290844,31.15713630057871,-5.93301769462129,17.39176876352558,-0.1780744384679927,24.28642305581734,-4.222945704235492e-003,-2.673859358181004e-003,-1.506957935781515e-002,8.289196481844555e-007,8.402515498869877e-003,0,-2.529045385685813e-003,-1.454014489626831e-003
DJI_0142.jpg,-2.051031696595766,-17.20848878566176,31.15727245993912,-7.455895099659187,49.01668524420117,-0.4945048200094199,24.28642305581734,-4.222945704235492e-003,-2.673859358181004e-003,-1.506957935781515e-002,8.289196481844555e-007,8.402515498869877e-003,0,-2.529045385685813e-003,-1.454014489626831e-003
DJI_0143.jpg,-2.07278963735423,-17.17422636365518,31.14292650762945,-7.392752918834788,41.37727201228267,-0.4616677968405559,24.28642305581734,-4.222945704235492e-003,-2.673859358181004e-003,-1.506957935781515e-002,8.289196481844555e-007,8.402515498869877e-003,0,-2.529045385685813e-003,-1.454014489626831e-003
DJI_0144.jpg,-2.023030890131813,-17.19974659010768,31.21531507465988,-7.24887944871474,25.2039260877717,-0.4129369272249068,24.28642305581734,-4.222945704235492e-003,-2.673859358181004e-003,-1.506957935781515e-002,8.289196481844555e-007,8.402515498869877e-003,0,-2.529045385685813e-003,-1.454014489626831e-003
DJI_0145.jpg,-2.121059216067938,-17.13743641041219,31.18055253662169,-6.853210957160294,25.2072564755588,-0.3486819835863902,24.28642305581734,-4.222945704235492e-003,-2.673859358181004e-003,-1.506957935781515e-002,8.289196481844555e-007,8.402515498869877e-003,0,-2.529045385685813e-003,-1.454014489626831e-003
DJI_0146.jpg,-2.234099530138868,-17.17017499729991,31.04305054247379,-6.935150533308278,14.62992708312622,-0.275636166220193,24.28642305581734,-4.222945704235492e-003,-2.673859358181004e-003,-1.506957935781515e-002,8.289196481844555e-007,8.402515498869877e-003,0,-2.529045385685813e-003,-1.454014489626831e-003
DJI_0147.jpg,-2.1748593528556,-17.15709724416956,31.14334296341985,-6.693694270858231,61.34162605386706,-0.1477340068843206,24.28642305581734,-4.222945704235492e-003,-2.673859358181004e-003,-1.506957935781515e-002,8.289196481844555e-007,8.402515498869877e-003,0,-2.529045385685813e-003,-1.454014489626831e-003
DJI_0148.jpg,15.16671366931915,-18.18812063615769,31.15921756438911,-6.872740562834725,61.47517994771125,-1.066974540020249,24.28642305581734,-4.222945704235492e-003,-2.673859358181004e-003,-1.506957935781515e-002,8.289196481844555e-007,8.402515498869877e-003,0,-2.529045385685813e-003,-1.454014489626831e-003
DJI_0149.jpg,15.08629180246695,-18.1795059046708,31.10495348740369,-8.04782291373453,56.2674473724345,-1.129681112801641,24.28642305581734,-4.222945704235492e-003,-2.673859358181004e-003,-1.506957935781515e-002,8.289196481844555e-007,8.402515498869877e-003,0,-2.529045385685813e-003,-1.454014489626831e-003
DJI_0150.jpg,15.17167332151844,-18.15241124434397,31.08710949681699,-7.857969965562758,44.75930907633496,-0.9734513123542651,24.28642305581734,-4.222945704235492e-003,-2.673859358181004e-003,-1.506957935781515e-002,8.289196481844555e-007,8.402515498869877e-003,0,-2.529045385685813e-003,-1.454014489626831e-003
DJI_0151.jpg,15.1994294076099,-18.10394453024492,31.0902548590675,-7.711405551421357,35.57020641141397,-0.825176321918798,24.28642305581734,-4.222945704235492e-003,-2.673859358181004e-003,-1.506957935781515e-002,8.289196481844555e-007,8.402515498869877e-003,0,-2.529045385685813e-003,-1.454014489626831e-003
DJI_0152.jpg,15.21389253799011,-18.16259639849886,31.12939231097698,-7.645480857805373,20.28904365280116,-0.6814716115462508,24.28642305581734,-4.222945704235492e-003,-2.673859358181004e-003,-1.506957935781515e-002,8.289196481844555e-007,8.402515498869877e-003,0,-2.529045385685813e-003,-1.454014489626831e-003
DJI_0153.jpg,15.20612913871333,-18.19284814829007,31.18049996253103,-7.578907968241647,33.17995412458539,-0.5738939007031701,24.28642305581734,-4.222945704235492e-003,-2.673859358181004e-003,-1.506957935781515e-002,8.289196481844555e-007,8.402515498869877e-003,0,-2.529045385685813e-003,-1.454014489626831e-003
DJI_0154.jpg,27.66866980238355,-15.37632548669353,31.11958752013743,-44.93625288386782,25.59205935521372,-0.2411113224447021,24.28642305581734,-4.222945704235492e-003,-2.673859358181004e-003,-1.506957935781515e-002,8.289196481844555e-007,8.402515498869877e-003,0,-2.529045385685813e-003,-1.454014489626831e-003
DJI_0155.jpg,27.75742344769846,-15.35119930002838,31.16266836505383,-44.92745942360321,45.56213547257222,-0.1126681751879015,24.28642305581734,-4.222945704235492e-003,-2.673859358181004e-003,-1.506957935781515e-002,8.289196481844555e-007,8.402515498869877e-003,0,-2.529045385685813e-003,-1.454014489626831e-003
DJI_0156.jpg,27.76348213178565,-15.32489152858034,31.1530035585165,-45.14263592056339,36.81897626017908,-0.15922850550398,24.28642305581734,-4.222945704235492e-003,-2.673859358181004e-003,-1.506957935781515e-002,8.289196481844555e-007,8.402515498869877e-003,0,-2.529045385685813e-003,-1.454014489626831e-003
DJI_0157.jpg,27.77198604008207,-15.29539249371737,31.16807682719082,-44.72878335718635,53.12443776609911,7.271769994834132e-003,24.28642305581734,-4.222945704235492e-003,-2.673859358181004e-003,-1.506957935781515e-002,8.289196481844555e-007,8.402515498869877e-003,0,-2.529045385685813e-003,-1.454014489626831e-003
DJI_0158.jpg,27.75966525196587,-15.32470131991431,31.15651767887175,-44.67874039410382,34.9257882934379,-9.647491535440639e-002,24.28642305581734,-4.222945704235492e-003,-2.673859358181004e-003,-1.506957935781515e-002,8.289196481844555e-007,8.402515498869877e-003,0,-2.529045385685813e-003,-1.454014489626831e-003
DJI_0159.jpg,27.75206652915128,-15.28514116164297,31.15096940658987,-44.1856182746291,64.50841194797991,0.2887739332351937,24.28642305581734,-4.222945704235492e-003,-2.673859358181004e-003,-1.506957935781515e-002,8.289196481844555e-007,8.402515498869877e-003,0,-2.529045385685813e-003,-1.454014489626831e-003
DJI_0160.jpg,27.68995711792136,-15.27211999846622,31.11079422105104,-43.99536024791143,72.78737758904428,0.5486881271132164,24.28642305581734,-4.222945704235492e-003,-2.673859358181004e-003,-1.506957935781515e-002,8.289196481844555e-007,8.402515498869877e-003,0,-2.529045385685813e-003,-1.454014489626831e-003
DJI_0161.jpg,36.62116386169098,-7.473227620590478,31.11599333584309,-78.06632483347153,42.30834562488241,-0.4334697104240055,24.28642305581734,-4.222945704235492e-003,-2.673859358181004e-003,-1.506957935781515e-002,8.289196481844555e-007,8.402515498869877e-003,0,-2.529045385685813e-003,-1.454014489626831e-003
DJI_0162.jpg,37.23090516545573,-6.235196674708277,31.13641603849828,-80.76133707293742,52.63588278958868,-0.3800157838007845,24.28642305581734,-4.222945704235492e-003,-2.673859358181004e-003,-1.506957935781515e-002,8.289196481844555e-007,8.402515498869877e-003,0,-2.529045385685813e-003,-1.454014489626831e-003
DJI_0163.jpg,37.25352864390346,-6.154633590485901,31.16719652153552,-80.61644385593165,62.45014900531604,-0.3380412990662909,24.28642305581734,-4.222945704235492e-003,-2.673859358181004e-003,-1.506957935781515e-002,8.289196481844555e-007,8.402515498869877e-003,0,-2.529045385685813e-003,-1.454014489626831e-003
DJI_0164.jpg,37.16066796523112,-6.123802597168833,31.16985876765102,-80.44110102750119,72.38474676695806,-0.1406440249945412,24.28642305581734,-4.222945704235492e-003,-2.673859358181004e-003,-1.506957935781515e-002,8.289196481844555e-007,8.402515498869877e-003,0,-2.529045385685813e-003,-1.454014489626831e-003
DJI_0165.jpg,39.27357296674974,3.065445764921606,31.18979062885046,-94.46248735830537,54.89268336404988,-0.3365572748469827,24.28642305581734,-4.222945704235492e-003,-2.673859358181004e-003,-1.506957935781515e-002,8.289196481844555e-007,8.402515498869877e-003,0,-2.529045385685813e-003,-1.454014489626831e-003
DJI_0166.jpg,39.27852808480382,3.064050130080432,31.1626065550372,-95.91310196095623,45.66542478325103,-0.3339451949212164,24.28642305581734,-4.222945704235492e-003,-2.673859358181004e-003,-1.506957935781515e-002,8.289196481844555e-007,8.402515498869877e-003,0,-2.529045385685813e-003,-1.454014489626831e-003
DJI_0167.jpg,39.33757966227292,3.103914196603,31.11784667894244,-96.18088059959379,32.60706075321964,-0.401326514218024,24.28642305581734,-4.222945704235492e-003,-2.673859358181004e-003,-1.506957935781515e-002,8.289196481844555e-007,8.402515498869877e-003,0,-2.529045385685813e-003,-1.454014489626831e-003
DJI_0168.jpg,39.33628583169325,3.063475766219199,31.10607773624361,-95.77471554255283,72.13063366988862,-0.1533970863780044,24.28642305581734,-4.222945704235492e-003,-2.673859358181004e-003,-1.506957935781515e-002,8.289196481844555e-007,8.402515498869877e-003,0,-2.529045385685813e-003,-1.454014489626831e-003
DJI_0169.jpg,39.31442627154495,3.168076063506305,31.10730110574514,-96.25503259869761,61.05610118467354,-0.3115779162603217,24.28642305581734,-4.222945704235492e-003,-2.673859358181004e-003,-1.506957935781515e-002,8.289196481844555e-007,8.402515498869877e-003,0,-2.529045385685813e-003,-1.454014489626831e-003
DJI_0170.jpg,39.31336175214743,3.172168620396405,31.10557521600276,-95.78398265758946,73.9685281735166,-0.229620019276748,24.28642305581734,-4.222945704235492e-003,-2.673859358181004e-003,-1.506957935781515e-002,8.289196481844555e-007,8.402515498869877e-003,0,-2.529045385685813e-003,-1.454014489626831e-003
DJI_0171.jpg,39.06058676121257,11.63108540326357,31.16656590159982,-107.1425960742491,73.99580761823364,-0.8367672844020022,24.28642305581734,-4.222945704235492e-003,-2.673859358181004e-003,-1.506957935781515e-002,8.289196481844555e-007,8.402515498869877e-003,0,-2.529045385685813e-003,-1.454014489626831e-003
DJI_0172.jpg,39.06247465917008,11.61570803727955,31.14922142121941,-108.5293995514977,57.76385895747274,-0.7898986947063061,24.28642305581734,-4.222945704235492e-003,-2.673859358181004e-003,-1.506957935781515e-002,8.289196481844555e-007,8.402515498869877e-003,0,-2.529045385685813e-003,-1.454014489626831e-003
DJI_0173.jpg,39.15497005590363,11.62656858516857,31.13483857177198,-108.8306036543051,44.16072061937232,-0.7041552592512638,24.28642305581734,-4.222945704235492e-003,-2.673859358181004e-003,-1.506957935781515e-002,8.289196481844555e-007,8.402515498869877e-003,0,-2.529045385685813e-003,-1.454014489626831e-003
DJI_0174.jpg,39.14682595989493,11.6106290826574,31.12270789220929,-108.5249036202311,50.88140292418626,-0.5152154003622166,24.28642305581734,-4.222945704235492e-003,-2.673859358181004e-003,-1.506957935781515e-002,8.289196481844555e-007,8.402515498869877e-003,0,-2.529045385685813e-003,-1.454014489626831e-003
DJI_0175.jpg,39.04722153719938,11.57075495179743,31.14558399934322,-108.3700276153885,41.80485945587087,-0.5258370792920324,24.28642305581734,-4.222945704235492e-003,-2.673859358181004e-003,-1.506957935781515e-002,8.289196481844555e-007,8.402515498869877e-003,0,-2.529045385685813e-003,-1.454014489626831e-003
DJI_0176.jpg,31.41452012961561,19.00602287985384,31.71701986622065,-133.6440962524895,41.9100432206977,-0.5331024181435403,24.28642305581734,-4.222945704235492e-003,-2.673859358181004e-003,-1.506957935781515e-002,8.289196481844555e-007,8.402515498869877e-003,0,-2.529045385685813e-003,-1.454014489626831e-003
DJI_0177.jpg,31.36866502609384,19.04156739870086,31.71611506026238,-137.1816017322358,59.46901708733061,-0.4565666871894493,24.28642305581734,-4.222945704235492e-003,-2.673859358181004e-003,-1.506957935781515e-002,8.289196481844555e-007,8.402515498869877e-003,0,-2.529045385685813e-003,-1.454014489626831e-003
DJI_0178.jpg,31.36669834755645,19.06085592368618,31.68481043633074,-136.8780824441062,52.38448430820996,-0.4092035125427727,24.28642305581734,-4.222945704235492e-003,-2.673859358181004e-003,-1.506957935781515e-002,8.289196481844555e-007,8.402515498869877e-003,0,-2.529045385685813e-003,-1.454014489626831e-003
DJI_0179.jpg,31.46944998536614,19.06190978828818,31.69226367399096,-136.9747461301764,29.44570988109564,-0.3994613112813564,24.28642305581734,-4.222945704235492e-003,-2.673859358181004e-003,-1.506957935781515e-002,8.289196481844555e-007,8.402515498869877e-003,0,-2.529045385685813e-003,-1.454014489626831e-003
DJI_0180.jpg,31.44288978825966,19.15127354860306,31.70131523348391,-136.9710360026379,22.19600147894252,-0.3592938767956326,24.28642305581734,-4.222945704235492e-003,-2.673859358181004e-003,-1.506957935781515e-002,8.289196481844555e-007,8.402515498869877e-003,0,-2.529045385685813e-003,-1.454014489626831e-003
DJI_0181.jpg,31.43205324568671,19.22735654376447,31.71761201974005,-136.0350993153785,74.07947944504383,0.3558541354966344,24.28642305581734,-4.222945704235492e-003,-2.673859358181004e-003,-1.506957935781515e-002,8.289196481844555e-007,8.402515498869877e-003,0,-2.529045385685813e-003,-1.454014489626831e-003
DJI_0182.jpg,21.18055651478591,26.00953885400668,31.68116633128375,-174.3455751708685,47.33479991889251,-0.4054515277373504,24.28642305581734,-4.222945704235492e-003,-2.673859358181004e-003,-1.506957935781515e-002,8.289196481844555e-007,8.402515498869877e-003,0,-2.529045385685813e-003,-1.454014489626831e-003
DJI_0183.jpg,20.98420648931179,26.03921155678108,31.69163612835109,-175.1232663758248,47.28788862389791,-0.2706032223786218,24.28642305581734,-4.222945704235492e-003,-2.673859358181004e-003,-1.506957935781515e-002,8.289196481844555e-007,8.402515498869877e-003,0,-2.529045385685813e-003,-1.454014489626831e-003
DJI_0184.jpg,20.98261269231533,26.05878818873316,31.73018167633563,-173.8989352642501,62.50661179447071,-6.639225082035954e-002,24.28642305581734,-4.222945704235492e-003,-2.673859358181004e-003,-1.506957935781515e-002,8.289196481844555e-007,8.402515498869877e-003,0,-2.529045385685813e-003,-1.454014489626831e-003
DJI_0185.jpg,20.94724977253392,26.13452850421891,31.74799189157784,-173.9643895884534,67.47538333294834,-2.099789841761602e-002,24.28642305581734,-4.222945704235492e-003,-2.673859358181004e-003,-1.506957935781515e-002,8.289196481844555e-007,8.402515498869877e-003,0,-2.529045385685813e-003,-1.454014489626831e-003
DJI_0186.jpg,20.93533132508002,26.09967918600887,31.70523005072027,-174.4172241280764,34.59773235502765,-0.3203692301416359,24.28642305581734,-4.222945704235492e-003,-2.673859358181004e-003,-1.506957935781515e-002,8.289196481844555e-007,8.402515498869877e-003,0,-2.529045385685813e-003,-1.454014489626831e-003
DJI_0187.jpg,20.9960650210507,26.01974800834432,31.71524630114436,-174.1618099993505,43.12381290276723,-0.2563840408690155,24.28642305581734,-4.222945704235492e-003,-2.673859358181004e-003,-1.506957935781515e-002,8.289196481844555e-007,8.402515498869877e-003,0,-2.529045385685813e-003,-1.454014489626831e-003
DJI_0188.jpg,15.52717990022871,26.89864741079509,31.72592841088772,177.0898136006971,43.2302260970564,-0.1443671850782752,24.28642305581734,-4.222945704235492e-003,-2.673859358181004e-003,-1.506957935781515e-002,8.289196481844555e-007,8.402515498869877e-003,0,-2.529045385685813e-003,-1.454014489626831e-003
DJI_0189.jpg,15.48202061993042,26.90220504812896,31.74376511201262,174.6766554193136,53.09871995556416,-8.471309798780129e-002,24.28642305581734,-4.222945704235492e-003,-2.673859358181004e-003,-1.506957935781515e-002,8.289196481844555e-007,8.402515498869877e-003,0,-2.529045385685813e-003,-1.454014489626831e-003
DJI_0190.jpg,15.49907089736901,26.87673540366814,31.74522792175412,174.9495035323693,63.68771306048998,0.1275631692344386,24.28642305581734,-4.222945704235492e-003,-2.673859358181004e-003,-1.506957935781515e-002,8.289196481844555e-007,8.402515498869877e-003,0,-2.529045385685813e-003,-1.454014489626831e-003
DJI_0191.jpg,15.51506547411035,26.91048106132075,31.74163790978491,175.3415937033855,72.09232658577616,0.4138654527564104,24.28642305581734,-4.222945704235492e-003,-2.673859358181004e-003,-1.506957935781515e-002,8.289196481844555e-007,8.402515498869877e-003,0,-2.529045385685813e-003,-1.454014489626831e-003
DJI_0192.jpg,15.50356543032255,26.99523855838925,31.68819419108331,174.7841711495537,26.79444289441483,-0.2115975354673638,24.28642305581734,-4.222945704235492e-003,-2.673859358181004e-003,-1.506957935781515e-002,8.289196481844555e-007,8.402515498869877e-003,0,-2.529045385685813e-003,-1.454014489626831e-003
DJI_0193.jpg,5.332501582928007,26.82058404013515,31.71469702478498,148.2917903006554,50.34995148483765,-0.2699590139198619,24.28642305581734,-4.222945704235492e-003,-2.673859358181004e-003,-1.506957935781515e-002,8.289196481844555e-007,8.402515498869877e-003,0,-2.529045385685813e-003,-1.454014489626831e-003
DJI_0194.jpg,5.315248381940584,26.85193448187783,31.68611348792911,149.5317865406048,57.01309973445319,-0.2101781087533164,24.28642305581734,-4.222945704235492e-003,-2.673859358181004e-003,-1.506957935781515e-002,8.289196481844555e-007,8.402515498869877e-003,0,-2.529045385685813e-003,-1.454014489626831e-003
DJI_0195.jpg,5.326848633247864,26.84569979691878,31.66700926888734,150.4568496955813,65.49773462643644,-0.1362486947810452,24.28642305581734,-4.222945704235492e-003,-2.673859358181004e-003,-1.506957935781515e-002,8.289196481844555e-007,8.402515498869877e-003,0,-2.529045385685813e-003,-1.454014489626831e-003
DJI_0196.jpg,5.30570469855893,26.83168763620779,31.69680659472942,150.1997606187002,19.32563266533982,-0.3511077489562184,24.28642305581734,-4.222945704235492e-003,-2.673859358181004e-003,-1.506957935781515e-002,8.289196481844555e-007,8.402515498869877e-003,0,-2.529045385685813e-003,-1.454014489626831e-003
DJI_0197.jpg,5.301878878044544,26.83862556936219,31.71622827090323,150.3706507316387,46.71793422286218,-0.2194050138849948,24.28642305581734,-4.222945704235492e-003,-2.673859358181004e-003,-1.506957935781515e-002,8.289196481844555e-007,8.402515498869877e-003,0,-2.529045385685813e-003,-1.454014489626831e-003
DJI_0198.jpg,3.652020194608811,26.14530057879165,31.72958976402879,-166.0220269133342,46.46783992297612,9.807699673556608e-002,24.28642305581734,-4.222945704235492e-003,-2.673859358181004e-003,-1.506957935781515e-002,8.289196481844555e-007,8.402515498869877e-003,0,-2.529045385685813e-003,-1.454014489626831e-003
DJI_0199.jpg,3.686448852571902,26.11996240122244,31.76125368382782,-163.800458811817,57.35086060603518,0.2034733483933513,24.28642305581734,-4.222945704235492e-003,-2.673859358181004e-003,-1.506957935781515e-002,8.289196481844555e-007,8.402515498869877e-003,0,-2.529045385685813e-003,-1.454014489626831e-003
DJI_0200.jpg,3.682597246050611,26.02255602600053,31.78433093149215,-163.4805129283747,70.53805186118947,0.3768634145244483,24.28642305581734,-4.222945704235492e-003,-2.673859358181004e-003,-1.506957935781515e-002,8.289196481844555e-007,8.402515498869877e-003,0,-2.529045385685813e-003,-1.454014489626831e-003
DJI_0201.jpg,3.610340379669471,26.0106609640643,31.74894569255412,-162.8510138558785,81.43388545992157,1.079325790214178,24.28642305581734,-4.222945704235492e-003,-2.673859358181004e-003,-1.506957935781515e-002,8.289196481844555e-007,8.402515498869877e-003,0,-2.529045385685813e-003,-1.454014489626831e-003
DJI_0202.jpg,3.683677257530532,26.02474202075973,31.7377217374742,-164.2950779186631,33.13589693099114,-0.2825318168566254,24.28642305581734,-4.222945704235492e-003,-2.673859358181004e-003,-1.506957935781515e-002,8.289196481844555e-007,8.402515498869877e-003,0,-2.529045385685813e-003,-1.454014489626831e-003
DJI_0203.jpg,-5.573360314868114,23.69691874878481,31.70516750682145,170.1596434164729,48.53151758852295,-0.1741836476977969,24.28642305581734,-4.222945704235492e-003,-2.673859358181004e-003,-1.506957935781515e-002,8.289196481844555e-007,8.402515498869877e-003,0,-2.529045385685813e-003,-1.454014489626831e-003
DJI_0204.jpg,-5.573243553561254,23.69440795434639,31.69260051473975,169.12326004493,34.12510047251154,-0.3010219181677631,24.28642305581734,-4.222945704235492e-003,-2.673859358181004e-003,-1.506957935781515e-002,8.289196481844555e-007,8.402515498869877e-003,0,-2.529045385685813e-003,-1.454014489626831e-003
DJI_0205.jpg,-5.631996560186479,23.6738307448104,31.73533318657428,169.1836991107781,22.05106524037265,-0.3268798944009682,24.28642305581734,-4.222945704235492e-003,-2.673859358181004e-003,-1.506957935781515e-002,8.289196481844555e-007,8.402515498869877e-003,0,-2.529045385685813e-003,-1.454014489626831e-003
DJI_0206.jpg,-5.625191596145027,23.68569806637242,31.74113319255412,169.3289443798278,13.83325890160272,-0.2922505696989558,24.28642305581734,-4.222945704235492e-003,-2.673859358181004e-003,-1.506957935781515e-002,8.289196481844555e-007,8.402515498869877e-003,0,-2.529045385685813e-003,-1.454014489626831e-003
DJI_0207.jpg,-5.631488138623107,23.63706656731665,31.75784054677933,169.8662380143724,61.01918161206113,7.006573141504339e-002,24.28642305581734,-4.222945704235492e-003,-2.673859358181004e-003,-1.506957935781515e-002,8.289196481844555e-007,8.402515498869877e-003,0,-2.529045385685813e-003,-1.454014489626831e-003
DJI_0208.jpg,-5.658457285535264,23.66725217737257,31.74177400115877,169.9148240602315,61.02782321513074,-4.625816876886686e-003,24.28642305581734,-4.222945704235492e-003,-2.673859358181004e-003,-1.506957935781515e-002,8.289196481844555e-007,8.402515498869877e-003,0,-2.529045385685813e-003,-1.454014489626831e-003
DJI_0209.jpg,-7.858540399768526,23.44982333714142,31.76049606874585,169.8755856797364,61.06148378653264,-0.1443590708039837,24.28642305581734,-4.222945704235492e-003,-2.673859358181004e-003,-1.506957935781515e-002,8.289196481844555e-007,8.402515498869877e-003,0,-2.529045385685813e-003,-1.454014489626831e-003
DJI_0210.jpg,-21.99463876103592,18.64108451735228,31.67350934911519,134.9500059196881,61.10799786231564,-0.9662224580598949,24.28642305581734,-4.222945704235492e-003,-2.673859358181004e-003,-1.506957935781515e-002,8.289196481844555e-007,8.402515498869877e-003,0,-2.529045385685813e-003,-1.454014489626831e-003
DJI_0211.jpg,-22.15039305854118,18.63305802363902,31.69693643692881,132.4924940923749,72.40406677398195,-1.152131532026369,24.28642305581734,-4.222945704235492e-003,-2.673859358181004e-003,-1.506957935781515e-002,8.289196481844555e-007,8.402515498869877e-003,0,-2.529045385685813e-003,-1.454014489626831e-003
DJI_0212.jpg,-22.13122525019421,18.60093269683421,31.7088425019756,133.1664481775759,53.28332168741715,-0.8332731347971147,24.28642305581734,-4.222945704235492e-003,-2.673859358181004e-003,-1.506957935781515e-002,8.289196481844555e-007,8.402515498869877e-003,0,-2.529045385685813e-003,-1.454014489626831e-003
DJI_0213.jpg,-22.12007014173938,18.62632320914418,31.65755448397249,133.5636398749384,38.83723018550404,-0.6809492911226344,24.28642305581734,-4.222945704235492e-003,-2.673859358181004e-003,-1.506957935781515e-002,8.289196481844555e-007,8.402515498869877e-003,0,-2.529045385685813e-003,-1.454014489626831e-003
DJI_0214.jpg,-22.06604298716104,18.63990260800347,31.66483166906983,133.7315423786679,32.05094595313356,-0.6234094498242087,24.28642305581734,-4.222945704235492e-003,-2.673859358181004e-003,-1.506957935781515e-002,8.289196481844555e-007,8.402515498869877e-003,0,-2.529045385685813e-003,-1.454014489626831e-003
DJI_0215.jpg,-22.10623176907998,18.59860072936863,31.70906368456781,133.6850758345714,75.01655196784863,-0.6305118619032914,24.28642305581734,-4.222945704235492e-003,-2.673859358181004e-003,-1.506957935781515e-002,8.289196481844555e-007,8.402515498869877e-003,0,-2.529045385685813e-003,-1.454014489626831e-003
DJI_0216.jpg,-28.10229442906903,1.512737640179694,31.73348388262093,80.87062206210733,37.60082453291653,-0.504844654663368,24.28642305581734,-4.222945704235492e-003,-2.673859358181004e-003,-1.506957935781515e-002,8.289196481844555e-007,8.402515498869877e-003,0,-2.529045385685813e-003,-1.454014489626831e-003
DJI_0217.jpg,-28.04644445224097,1.439550216775388,31.73130495008081,79.44792642107286,25.23671631384325,-0.464937201147646,24.28642305581734,-4.222945704235492e-003,-2.673859358181004e-003,-1.506957935781515e-002,8.289196481844555e-007,8.402515498869877e-003,0,-2.529045385685813e-003,-1.454014489626831e-003
DJI_0218.jpg,-28.14180035830221,1.407381082419306,31.74404364451766,79.46665959058214,6.467519164972312,-0.3690010089168331,24.28642305581734,-4.222945704235492e-003,-2.673859358181004e-003,-1.506957935781515e-002,8.289196481844555e-007,8.402515498869877e-003,0,-2.529045385685813e-003,-1.454014489626831e-003
DJI_0219.jpg,-28.08631041493782,1.416086485143751,31.75047040823847,79.74424970760907,60.92705405549165,-0.1016157089726364,24.28642305581734,-4.222945704235492e-003,-2.673859358181004e-003,-1.506957935781515e-002,8.289196481844555e-007,8.402515498869877e-003,0,-2.529045385685813e-003,-1.454014489626831e-003
DJI_0220.jpg,-28.1027697696059,1.395352250430733,31.74686818849295,80.00904848141452,47.34629804163377,-0.1532368487319822,24.28642305581734,-4.222945704235492e-003,-2.673859358181004e-003,-1.506957935781515e-002,8.289196481844555e-007,8.402515498869877e-003,0,-2.529045385685813e-003,-1.454014489626831e-003
DJI_0221.jpg,-28.11096745063591,1.53017019899562,31.74280003830791,79.09578939116543,36.29613656834143,-0.2345168207197108,24.28642305581734,-4.222945704235492e-003,-2.673859358181004e-003,-1.506957935781515e-002,8.289196481844555e-007,8.402515498869877e-003,0,-2.529045385685813e-003,-1.454014489626831e-003
DJI_0222.jpg,-28.08802404194364,1.510270516388118,31.75191019847989,80.02809574742082,70.15558948165788,0.1629616650821734,24.28642305581734,-4.222945704235492e-003,-2.673859358181004e-003,-1.506957935781515e-002,8.289196481844555e-007,8.402515498869877e-003,0,-2.529045385685813e-003,-1.454014489626831e-003
DJI_0223.jpg,-27.49590002093399,-6.776619906071573,31.70761490240693,60.33954998455703,70.16039308854207,-0.6431494630794681,24.28642305581734,-4.222945704235492e-003,-2.673859358181004e-003,-1.506957935781515e-002,8.289196481844555e-007,8.402515498869877e-003,0,-2.529045385685813e-003,-1.454014489626831e-003
DJI_0224.jpg,-27.49625178053783,-6.77700284216553,31.72451479174197,62.67695875781614,85.76032075845966,-0.5869172955750397,24.28642305581734,-4.222945704235492e-003,-2.673859358181004e-003,-1.506957935781515e-002,8.289196481844555e-007,8.402515498869877e-003,0,-2.529045385685813e-003,-1.454014489626831e-003
DJI_0225.jpg,-27.48919130162561,-6.732694730628282,31.7175461910665,62.38659186180345,44.4572759849333,-0.5356154559820373,24.28642305581734,-4.222945704235492e-003,-2.673859358181004e-003,-1.506957935781515e-002,8.289196481844555e-007,8.402515498869877e-003,0,-2.529045385685813e-003,-1.454014489626831e-003
DJI_0226.jpg,-27.53291069809374,-6.775939692743123,31.69480998627841,62.66988584218182,33.6345770500458,-0.43761077541491,24.28642305581734,-4.222945704235492e-003,-2.673859358181004e-003,-1.506957935781515e-002,8.289196481844555e-007,8.402515498869877e-003,0,-2.529045385685813e-003,-1.454014489626831e-003
DJI_0227.jpg,-27.50782251311746,-6.784490287303925,31.67652109079063,62.32482896839881,25.60468463957359,-0.4190143604171189,24.28642305581734,-4.222945704235492e-003,-2.673859358181004e-003,-1.506957935781515e-002,8.289196481844555e-007,8.402515498869877e-003,0,-2.529045385685813e-003,-1.454014489626831e-003
DJI_0228.jpg,-21.80666164398904,-13.75182881718501,31.63497548829764,38.99309945011182,63.62072603170746,-0.6565973822410726,24.28642305581734,-4.222945704235492e-003,-2.673859358181004e-003,-1.506957935781515e-002,8.289196481844555e-007,8.402515498869877e-003,0,-2.529045385685813e-003,-1.454014489626831e-003
DJI_0229.jpg,-21.87955403324919,-13.78283998789266,31.68693535588682,38.16312992751516,83.72964154947179,-1.084522432419362,24.28642305581734,-4.222945704235492e-003,-2.673859358181004e-003,-1.506957935781515e-002,8.289196481844555e-007,8.402515498869877e-003,0,-2.529045385685813e-003,-1.454014489626831e-003
DJI_0230.jpg,-21.85682293537408,-13.81882600719109,31.67399469390512,38.62968446662584,49.46802370367804,-0.6104392288930054,24.28642305581734,-4.222945704235492e-003,-2.673859358181004e-003,-1.506957935781515e-002,8.289196481844555e-007,8.402515498869877e-003,0,-2.529045385685813e-003,-1.454014489626831e-003
DJI_0231.jpg,-21.85053598505014,-13.79425179073587,31.73153588268906,38.47789265316457,40.40460080449544,-0.5480068023948671,24.28642305581734,-4.222945704235492e-003,-2.673859358181004e-003,-1.506957935781515e-002,8.289196481844555e-007,8.402515498869877e-003,0,-2.529045385685813e-003,-1.454014489626831e-003
DJI_0232.jpg,-21.86379861083065,-13.77410397538915,31.73905859421939,38.43610455413091,28.54697860561717,-0.5213208622529177,24.28642305581734,-4.222945704235492e-003,-2.673859358181004e-003,-1.506957935781515e-002,8.289196481844555e-007,8.402515498869877e-003,0,-2.529045385685813e-003,-1.454014489626831e-003
DJI_0233.jpg,-21.86506436296768,-13.81901420745999,31.71346675790846,38.62628288012113,28.54833550094769,-0.5009525966051275,24.28642305581734,-4.222945704235492e-003,-2.673859358181004e-003,-1.506957935781515e-002,8.289196481844555e-007,8.402515498869877e-003,0,-2.529045385685813e-003,-1.454014489626831e-003
DJI_0234.jpg,-21.88110418940999,-13.8044701507315,31.67981051746756,38.77034950285161,19.65518693705207,-0.4506522983180737,24.28642305581734,-4.222945704235492e-003,-2.673859358181004e-003,-1.506957935781515e-002,8.289196481844555e-007,8.402515498869877e-003,0,-2.529045385685813e-003,-1.454014489626831e-003
DJI_0235.jpg,-1.125940949831224,16.92939812503755,20.27786216139793,162.7521350787315,75.01640179488258,-0.7741826195614174,24.28642305581734,-4.222945704235492e-003,-2.673859358181004e-003,-1.506957935781515e-002,8.289196481844555e-007,8.402515498869877e-003,0,-2.529045385685813e-003,-1.454014489626831e-003
DJI_0236.jpg,-0.9733569906985202,16.77066424908116,15.6795887844637,161.6198715915988,62.98740068539086,-0.867362418786644,24.28642305581734,-4.222945704235492e-003,-2.673859358181004e-003,-1.506957935781515e-002,8.289196481844555e-007,8.402515498869877e-003,0,-2.529045385685813e-003,-1.454014489626831e-003
DJI_0237.jpg,-0.8848154673916734,16.79877356998622,12.47775823902339,161.0168092391495,63.02067731886532,-1.123398300338309,24.28642305581734,-4.222945704235492e-003,-2.673859358181004e-003,-1.506957935781515e-002,8.289196481844555e-007,8.402515498869877e-003,0,-2.529045385685813e-003,-1.454014489626831e-003
DJI_0238.jpg,-0.9635679853133586,16.81990577047691,9.60853655077517,160.4923258057341,63.02711966870142,-1.191514629500324,24.28642305581734,-4.222945704235492e-003,-2.673859358181004e-003,-1.506957935781515e-002,8.289196481844555e-007,8.402515498869877e-003,0,-2.529045385685813e-003,-1.454014489626831e-003
